title,company,location,stack
Quality Assurance Engineer,OneDome,"Ukraine, Azerbaijan",contract
Senior HRP Consultant,TydeCo,South Africa,full_time
Senior Full Stack Web Developer: Cloud Services,Xneelo,South Africa,full_time
C# developer,Syrve,Armenia,full_time
People Operations Manager / Team Lead,Fundraiseup,Europe,full_time
"Group Lead, Technical Product Management",Jobber,Canada,full_time
Supply Chain Analyst,"ShipBob, Inc.",India,full_time
"Senior Product Manager, Anti-fraud & Compliance",Tabby,"Portugal, Georgia, Spain, United Arab Emirates, Serbia, Armenia",full_time
Channel Sales Manager,Aikido Security,USA,full_time
Staff UX Researcher,Collectors Universe,USA,contract
Seasonal Customer Service Team Lead,Minted,USA,full_time
Japanese Customer Support Agent,Keywords Studios,Taiwan,contract
Developer Experience Engineer,Chess.com,USA,full_time
Sr. Embedded/System-on-chip Developer & Smoke Jumper,Ross Video,"USA, Canada",full_time
Senior Technical Writer,Blacksky,USA,full_time
Revenue Cycle Specialist,Brave Health,USA,full_time
Project Coordinator,Invisors,USA,full_time
Product Manager,Smooth Sailing,"Europe, Belgium",freelance
Business Development Representative,Mews,France,full_time
Director of Customer Success,BizIQ,USA,full_time
Content Editor,Reach plc,UK,full_time
QA Engineer,Terminalfour,Spain,full_time
QA Manager,Yuno,LATAM,full_time
Growth Analyst,GrowthPair,USA,full_time
Creative Director,We Are Rosie,USA,contract
Test Manager,PINGWIND INC,USA,full_time
Social Media Manager,Lago,Philippines,full_time
AI Software Engineer,JumpCloud,India,full_time
Principal Software Engineer,NielsenIQ,India,full_time
Sr Polyglot Developer,PeerIslands,India,full_time
NOC Engineer,Airalo,Europe,full_time
Head of Growth & Performance Marketing,Getwingapp,UK,full_time
Designer I,The Athletic,USA,contract
Telehealth Medical Practitioner,Montu,Australia,part_time
Veterinary Services Manager,CEVA SANTE ANIMALE,USA,full_time
Content Writer - Intern,Savii 2,Philippines,full_time
Total Rewards Specialist,Hitachivantaracorporation,Argentina,contract
Head of Finance,Recover Medical Group,USA,full_time
FP&A Operations Associate,Abacum,LATAM,full_time
Site Reliability Engineer,LanguageWire,Spain,full_time
DevOps Engineer,RemotePro.Ph,Philippines,full_time
Data Migration Lead,Stalis,UK,full_time
Project Manager,Scandiweb,Egypt,full_time
Program Manager,Samsara,Canada,full_time
Senior Solutions Engineer,Saviynt,Asia,full_time
Growth Enterprise Account Executive,Udemy,France,full_time
CRM & Marketing Assistant,Hire Overseas,Philippines,full_time
Technical Support Engineer,Sprinto,India,full_time
Graphic Designer,Maze of Life Resource Center,USA,full_time
Senior AI Engineer - Data & Infrastructure for Multimodal Models,Tether Operations Limited,Netherlands,full_time
